epoch,time,train/box_loss,train/cls_loss,train/dfl_loss,metrics/precision(B),metrics/recall(B),metrics/mAP50(B),metrics/mAP50-95(B),val/box_loss,val/cls_loss,val/dfl_loss,lr/pg0,lr/pg1,lr/pg2
1,5.9807,3.49831,8.71048,2.96738,0,0,0,0,3.23313,4.08366,3.26702,0.00015003,0.00015003,0.00015003
2,7.94909,3.01861,6.71843,2.70358,0,0,0,0,2.90244,4.02187,3.12145,0.000254017,0.000254017,0.000254017
3,9.87058,2.32743,5.99367,2.32035,0.00122,0.11905,0.00106,0.00026,2.15466,3.87076,2.41418,0.000291992,0.000291992,0.000291992
4,11.7691,2.08663,5.41211,2.19256,0.00686,0.30952,0.00849,0.00337,1.78255,3.69034,1.98815,0.000263953,0.000263953,0.000263953
5,13.542,1.83881,5.09011,1.81676,0.03338,0.80952,0.17461,0.06508,1.58635,3.45456,1.64746,0.000169901,0.000169901,0.000169901
