{
  "version": 2,
  "pairs": [
    "POI1->POI2",
    "POI2->POI3",
    "POI3->POI4",
    "POI4->POI5"
  ],
  "mu": [
    -1.4459071345466747,
    1.336634439139203,
    2.772345502449896,
    3.169302958446152
  ],
  "beta": [
    -0.9056532533113592,
    -0.9494192698433278,
    -0.9533716768938911,
    -0.9375128279153342
  ],
  "psi": [
    0.08112312410702749,
    0.0447118614991312,
    0.011482276112716794,
    0.07608129296139321
  ],
  "frac_blend": 0.5,
  "bound_lo_pct": 0.5,
  "bound_hi_pct": 99.5,
  "anchor_log_mu": -1.445907134546672,
  "anchor_log_sd": 0.9486500834034605,
  "gap": {
    "POI1->POI2": {
      "log_mu_sec": -1.4459071345466747,
      "log_sd_sec": 0.9493855055300178,
      "log_mu_frac": -5.23638003870934,
      "log_sd_frac": 0.3290561088272778,
      "min_gap_sec": 0.040999999999999294,
      "max_gap_sec": 3.8045999999999998,
      "n": 3759
    },
    "POI2->POI3": {
      "log_mu_sec": 1.336634439139203,
      "log_sd_sec": 0.9726822486364528,
      "log_mu_frac": -2.4538384650234657,
      "log_sd_frac": 0.2480144043633998,
      "min_gap_sec": 0.5967949999999999,
      "max_gap_sec": 63.205525000000264,
      "n": 3759
    },
    "POI3->POI4": {
      "log_mu_sec": 2.772345502449896,
      "log_sd_sec": 0.9593757080344504,
      "log_mu_frac": -1.0181274017127722,
      "log_sd_frac": 0.11890402828628582,
      "min_gap_sec": 2.5804329999999998,
      "max_gap_sec": 266.1138,
      "n": 3759
    },
    "POI4->POI5": {
      "log_mu_sec": 3.169302958446152,
      "log_sd_sec": 0.9772479470237296,
      "log_mu_frac": -0.6211699457165191,
      "log_sd_frac": 0.19835166180090152,
      "min_gap_sec": 3.733833000000001,
      "max_gap_sec": 346.2588340000001,
      "n": 3759
    }
  }
}