epoch,time,train/box_loss,train/cls_loss,train/dfl_loss,metrics/precision(B),metrics/recall(B),metrics/mAP50(B),metrics/mAP50-95(B),val/box_loss,val/cls_loss,val/dfl_loss,lr/pg0,lr/pg1,lr/pg2
1,19.2373,2.30987,6.89748,2.03765,0.7057,0.27117,0.31438,0.12263,1.40652,3.41787,0.94253,0.00047092,0.00047092,0.00047092
2,35.1728,1.30495,4.2727,1.22501,0.95221,0.62195,0.74922,0.47487,1.07858,3.22874,0.74862,0.000759698,0.000759698,0.000759698
3,51.7836,1.0846,3.6012,1.13058,0.7894,0.76136,0.82642,0.52484,1.29341,2.42399,0.87419,0.000859847,0.000859847,0.000859847
4,67.6056,0.9507,3.27987,1.06316,0.8635,0.80117,0.85609,0.60072,0.95232,2.07507,0.77058,0.000580174,0.000580174,0.000580174
5,84.3513,0.84702,2.84293,1.0038,0.86855,0.84026,0.89499,0.64963,0.90027,1.7778,0.73169,0.000297232,0.000297232,0.000297232
