epoch,time,train/box_loss,train/cls_loss,train/dfl_loss,metrics/precision(B),metrics/recall(B),metrics/mAP50(B),metrics/mAP50-95(B),val/box_loss,val/cls_loss,val/dfl_loss,lr/pg0,lr/pg1,lr/pg2
1,24.1579,2.24703,5.65006,1.95175,0.93282,0.47499,0.64829,0.45128,1.20218,2.51522,1.00279,0.0004125,0.0004125,0.0004125
2,41.5874,1.14093,3.06921,1.137,0.786,0.66318,0.80023,0.53843,1.22226,1.91162,0.83522,0.000664992,0.000664992,0.000664992
3,58.511,1.05744,2.55989,1.0692,0.86623,0.73487,0.83429,0.59482,0.97914,1.82509,0.72113,0.000752483,0.000752483,0.000752483
4,76.7541,0.89081,2.29101,1.02863,0.87659,0.83926,0.89315,0.71238,0.72741,1.66473,0.67806,0.0005075,0.0005075,0.0005075
5,94.3338,0.75138,2.04884,0.98206,0.92945,0.85054,0.90926,0.74722,0.70869,1.34869,0.63435,0.00026,0.00026,0.00026
