{
  "pairs": [
    "POI1->POI2",
    "POI2->POI3",
    "POI3->POI4",
    "POI4->POI5"
  ],
  "frac_blend": 0.7,
  "bound_lo_pct": 0.5,
  "bound_hi_pct": 99.5,
  "gap": {
    "POI1->POI2": {
      "log_mu_sec": -1.4514034751045743,
      "log_sd_sec": 0.9539485554538855,
      "log_mu_frac": -5.227212289612639,
      "log_sd_frac": 0.31160140373083456,
      "min_gap_sec": 0.04099999999999879,
      "max_gap_sec": 3.799439999999996,
      "n": 3644
    },
    "POI2->POI3": {
      "log_mu_sec": 1.3273792253571748,
      "log_sd_sec": 0.9769085816348134,
      "log_mu_frac": -2.44842958915089,
      "log_sd_frac": 0.23776349730531926,
      "min_gap_sec": 0.5965075,
      "max_gap_sec": 67.36996249999895,
      "n": 3644
    },
    "POI3->POI4": {
      "log_mu_sec": 2.758400622835277,
      "log_sd_sec": 0.9600705327604877,
      "log_mu_frac": -1.0174081916727873,
      "log_sd_frac": 0.11740014493243453,
      "min_gap_sec": 2.5788805000000004,
      "max_gap_sec": 263.196228499998,
      "n": 3644
    },
    "POI4->POI5": {
      "log_mu_sec": 3.1535281760310183,
      "log_sd_sec": 0.9763661261582096,
      "log_mu_frac": -0.6222806384770464,
      "log_sd_frac": 0.20036753291878265,
      "min_gap_sec": 3.7322805000000017,
      "max_gap_sec": 345.840787,
      "n": 3644
    }
  }
}